,Position,Advancement of f/g/h Pawns,Advancement of a/b/c Pawns,Pawn Play in the Center
"""STS(v8.0) AKPC.001""",1qr2k1r/pb3pp1/1b2p2p/3nP3/1p6/3B2QN/PP3PPP/R1BR2K1 b - -,1,0,0
"""STS(v8.0) AKPC.002""",1r1qr1k1/p5b1/2p2ppp/3p4/1Pp5/P1Nn1Q2/3BN1PP/R4RK1 b - -,1,0,0
"""STS(v8.0) AKPC.003""",1r1rq1k1/1p4p1/pNb1pp1p/1pP5/3P4/1PQ5/5PPP/R3R1K1 w - -,1,0,0
"""STS(v8.0) AKPC.004""",1r3r2/1p3q1k/1Q1p4/2pNbpp1/2P5/7P/PP2R1P1/3R3K b - -,1,0,0
"""STS(v8.0) AKPC.005""",1r4k1/2p2p1p/4n1p1/2qpP3/2nN4/1BPQ4/Pr3PPP/3RR1K1 w - -,1,0,0
"""STS(v8.0) AKPC.006""",1r4k1/3q2pp/2np4/2p1pp2/2P1P3/R1BP1Q1P/5PP1/6K1 b - -,1,0,0
"""STS(v8.0) AKPC.007""",1r4k1/ppq2ppp/r4nn1/P2p4/2pP4/B1P1P1PP/1Q1N1PK1/RR6 b - -,1,0,0
"""STS(v8.0) AKPC.008""",1rb1r1k1/4qpb1/p1np1npp/1pp5/2P1PN2/1P3PP1/PB4BP/1QRR1N1K b - -,1,0,0
"""STS(v8.0) AKPC.009""",1rq1n3/2pr3k/2n1bppp/p1PNp3/Pp2P3/1P2Q1PP/3R1PBK/3RN3 w - -,1,0,0
"""STS(v8.0) AKPC.010""",2b2kn1/5ppQ/1r5p/p2pN3/1qpP1PP1/5P2/P6P/1B4RK w - -,1,0,0
"""STS(v8.0) AKPC.011""",2qn4/p5k1/1p1Qbpp1/1B1p3p/3P3P/2P5/P4PP1/4N1K1 w - -,1,0,0
"""STS(v8.0) AKPC.012""",2r1r1k1/p2b2bp/1pn1p1pq/4Pp2/2BP4/P4N2/1P2NQPP/2R2RK1 w - -,1,0,0
"""STS(v8.0) AKPC.013""",2r2bk1/p1q2p2/4p1p1/3nP1B1/1p2Q2P/1P3N2/Pr3PP1/R4RK1 w - -,1,0,0
"""STS(v8.0) AKPC.014""",2r2k1r/1q1nbpp1/p2p4/1p1Pp3/8/P1B2BP1/1PP1QP2/3RR1K1 b - -,1,0,0
"""STS(v8.0) AKPC.015""",2r2rk1/1b1qb1pp/p2p4/1p1PpP2/4Q3/1P2BN1P/P4PP1/R3R1K1 w - -,1,0,0
"""STS(v8.0) AKPC.016""",2r2rk1/2qbnppp/1p2p3/p2pPn2/P5QP/2PB1N2/2PB1PP1/1R2R1K1 w - -,1,0,0
"""STS(v8.0) AKPC.017""",2r2rk1/p3ppbp/1pnp1np1/4q3/2P1P3/PPN1B2P/2Q1BPP1/R2R2K1 w - -,1,0,0
"""STS(v8.0) AKPC.018""",2r2rk1/p4qb1/1p1ppp2/2n1n1pp/2PN4/1PN2PPP/P1QBP1K1/2RR4 w - -,1,0,0
"""STS(v8.0) AKPC.019""",2r2rk1/pq2ppbp/1pnp1np1/8/2P1P3/2N1BP2/PPQ1BPKP/3R1R2 w - -,1,0,0
"""STS(v8.0) AKPC.020""",2r3k1/p3np1p/1p1pp1p1/4b3/1PP5/P3B2P/2R2PP1/3R3K w - -,1,0,0
"""STS(v8.0) AKPC.021""",2r3k1/pp2p1b1/q2pP1p1/3pnrPp/P7/1P5P/2PB1PB1/2RQR1K1 w - -,1,0,0
"""STS(v8.0) AKPC.022""",2r5/1bq3kp/4pNp1/3pP1Q1/2pP4/7P/5PP1/R5K1 w - -,1,0,0
"""STS(v8.0) AKPC.023""",2r5/5k2/p1n3p1/P1Pqpp1p/3n4/4BPQN/6PP/3R3K w - -,1,0,0
"""STS(v8.0) AKPC.024""",2rr1bk1/p4pp1/1p2q2p/1PpN4/2Q1P3/P4PP1/3R3P/3R2K1 w - -,1,0,0
"""STS(v8.0) AKPC.025""",2rr2k1/5ppp/p3p3/1p2P3/1Pn5/2B1PqP1/P1Q2P1P/3RR1K1 b - -,1,0,0
"""STS(v8.0) AKPC.026""",3bn1k1/1bq1npp1/3p3p/1p1Pp3/1Pp1P3/2P1B1NP/2BN1PPK/Q7 b - -,1,0,0
"""STS(v8.0) AKPC.027""",3q1r2/2r2ppk/5b1p/2pBpR2/P3P2P/1P4PK/5Q2/5R2 w - -,1,0,0
"""STS(v8.0) AKPC.028""",3q2k1/rb1r3p/6p1/pQRp1p2/3N3P/1P2PBP1/P4P2/6K1 w - -,1,0,0
"""STS(v8.0) AKPC.029""",3q3k/3r1p1p/4p3/p4p2/PbP2Q1P/1p3N2/1P2KPP1/1R6 b - -,1,0,0
"""STS(v8.0) AKPC.030""",3q3k/5p1p/3rp3/p4p1P/PbP2Q2/1p3N2/1P2KPP1/1R6 b - -,1,0,0
"""STS(v8.0) AKPC.031""",3qr1k1/5r1p/p1p1n1p1/Ppp1Q3/4Pp2/1P1P1N1P/2P2RPK/R7 b - -,1,0,0
"""STS(v8.0) AKPC.032""",3qrr1k/pp1n1ppp/2n3b1/2p5/3Pp1P1/P1P1P2P/BB2QPN1/2RR2K1 b - -,1,0,0
"""STS(v8.0) AKPC.033""",3r1r1k/1p2q2b/p1p1p2p/2P1P3/PPQP1pPP/5B2/7K/4BR2 b - -,1,0,0
"""STS(v8.0) AKPC.034""",3r1rk1/pb1pb2p/1p2p1q1/1N2npp1/B1P5/4PPN1/PP2Q1PP/3R1RK1 b - -,1,0,0
"""STS(v8.0) AKPC.035""",3r1rk1/pb2bppp/1pp1p3/2n1P2Q/2P1P3/1Pp2NP1/P4PBP/2R3K1 b - -,1,0,0
"""STS(v8.0) AKPC.036""",3r2k1/2q1rp2/4p1p1/2p1P2p/1p3Q2/1P1bP1PP/P4RBK/2R5 w - -,1,0,0
"""STS(v8.0) AKPC.037""",3r2k1/3n1p1p/p1r3p1/q1P3Q1/P5B1/2R1B2P/5PP1/6K1 b - -,1,0,0
"""STS(v8.0) AKPC.038""",3r2k1/p1r3pp/Q1p1pb2/2Pn1p1q/PpBPp3/1P2P1PP/1B2RPK1/4R3 b - -,1,0,0
"""STS(v8.0) AKPC.039""",3r2r1/2qb2pk/1p2p2p/p1n1Pp2/P1PNpP2/1P2Q3/3RB1PP/3R2K1 b - -,1,0,0
"""STS(v8.0) AKPC.040""",3r4/1pq3kp/2pp1pp1/p1n1r3/P1PNP3/1P2BPPB/2Q1N1K1/8 w - -,1,0,0
"""STS(v8.0) AKPC.041""",3rb1k1/2q1b1p1/pp2p3/5p1p/1PP1p3/P3Q1PP/4P1RK/3N1R2 b - -,1,0,0
"""STS(v8.0) AKPC.042""",3rb1k1/2q1b1pp/pp2p3/5p2/1PP1p3/P3Q1PP/4PR1K/3N1R2 b - -,1,0,0
"""STS(v8.0) AKPC.043""",3rrk2/p2n1p1B/1pq4p/2ppB1p1/2bP4/PnN1PP2/1PQ3PP/3RR1K1 w - -,1,0,0
"""STS(v8.0) AKPC.044""",4b1k1/pp1qbpp1/4p3/4Q2p/8/2P1N1P1/PP3PBP/6K1 b - -,1,0,0
"""STS(v8.0) AKPC.045""",4qr1k/p4n1p/1p1p2p1/2pQ1n2/2P1NB2/P1P2P2/5KPP/3R4 w - -,1,0,0
"""STS(v8.0) AKPC.046""",4r1k1/p4bpp/1p6/1P6/2PQ4/4rPq1/PR2PRB1/6K1 b - -,1,0,0
"""STS(v8.0) AKPC.047""",4r2k/6p1/2b2p2/pq5p/r2P2P1/2P1N1PP/B2Q1K2/4R3 b - -,1,0,0
"""STS(v8.0) AKPC.048""",4r3/2pq1pk1/1r4p1/p2pP1Np/1pnP4/2PQ3P/P3RPP1/4R1K1 w - -,1,0,0
"""STS(v8.0) AKPC.049""",4r3/p4rk1/1p4p1/3Rp1q1/4P2p/2Q2P2/P5PP/3R1K2 w - -,1,0,0
"""STS(v8.0) AKPC.050""",4rr1k/1pq3bp/p1b2np1/P1Ppp3/1P1N2P1/1B3PB1/Q6P/3RR1K1 b - -,1,0,0
"""STS(v8.0) AKPC.051""",4rr1k/2q5/1pnn1b1p/p1p2b2/N1PppPp1/PP1P4/2QBPPBP/3R1RNK b - -,1,0,0
"""STS(v8.0) AKPC.052""",5k1r/1b2rp2/pR4pp/1p3n2/2p5/2N5/PP3PPP/3Q2K1 w - -,1,0,0
"""STS(v8.0) AKPC.053""",5k2/q7/2p2pp1/4p1pn/1pP1PnN1/1P2RPPP/3r1B1K/5Q2 b - -,1,0,0
"""STS(v8.0) AKPC.054""",5r1k/2qb1ppp/6nb/3B4/pp1BQ3/5NP1/P1P2P1P/4R1K1 w - -,1,0,0
"""STS(v8.0) AKPC.055""",5r1k/2qb1ppp/6nb/3B4/ppPBQ3/5NP1/P4P1P/4R1K1 w - -,1,0,0
"""STS(v8.0) AKPC.056""",5r2/3br1kp/3q2p1/1pNp4/1P1Pnp2/5B2/2P1R1PP/2Q2RK1 b - -,1,0,0
"""STS(v8.0) AKPC.057""",5rk1/2r1bpp1/p2p1n1p/1p2pP2/1P3q2/1BP4P/PB3PP1/R2QR1K1 w - -,1,0,0
"""STS(v8.0) AKPC.058""",5rk1/5p2/pnB1p1pp/q3P3/2nP1P2/1R1N3P/6PK/2Q5 w - -,1,0,0
"""STS(v8.0) AKPC.059""",5rk1/p1r3pp/1p2q3/1P1p4/1QnB2P1/2R1PP1P/4R1K1/8 b - -,1,0,0
"""STS(v8.0) AKPC.060""",6k1/2qn3p/pp1pprpB/5r2/1PP5/P4PbP/3QB1P1/2R2RK1 w - -,1,0,0
"""STS(v8.0) AKPC.061""",6k1/5p1p/1p1n2pP/1n6/q1rP4/2pQP3/r1N2PP1/BRR3K1 b - -,1,0,0
"""STS(v8.0) AKPC.062""",6k1/p2nqpp1/Qp2p2p/8/3PNb2/P4N2/1Pr2PPP/4R1K1 w - -,1,0,0
"""STS(v8.0) AKPC.063""",8/3qpk2/1p3r1p/p1pPRp2/2P2P2/P4KPP/4Q3/8 w - -,1,0,0
"""STS(v8.0) AKPC.064""",8/3r1pk1/p1pqp1p1/8/P1Pb4/5RPP/2Q5/4R2K b - -,1,0,0
"""STS(v8.0) AKPC.065""",8/6pk/p5rp/2NpPq2/2bPp2b/P3P1P1/6Q1/1R2B1K1 b - -,1,0,0
"""STS(v8.0) AKPC.066""",b4rk1/2pq1pp1/3p3p/B1p5/2PpP1n1/3P2P1/PR1Q1PBP/6K1 b - -,1,0,0
"""STS(v8.0) AKPC.067""",b4rk1/p2q1pp1/3p3p/B1p5/2PpP1n1/P2P2P1/1R1Q1PBP/6K1 b - -,1,0,0
"""STS(v8.0) AKPC.068""",b5k1/6bp/3qp1p1/3n2P1/5P1K/2rBB3/6NP/3R1Q2 b - -,1,0,0
"""STS(v8.0) AKPC.069""",n1rr2k1/3qppbp/p1nP2p1/6P1/5P1Q/1P2B3/P4PBP/2RR2K1 w - -,1,0,0
"""STS(v8.0) AKPC.070""",nr4k1/1p1qrpb1/p6p/P2p2p1/1P1N4/4B1P1/2RQ1PKP/2R5 w - -,1,0,0
"""STS(v8.0) AKPC.071""",q5k1/4bpp1/r3p2p/2p5/1pP5/1P3NPP/1RQ1PP2/6K1 b - -,1,0,0
"""STS(v8.0) AKPC.072""",r1b1r1k1/1p1nqpbp/2ppn1p1/1P6/2P1P3/2N1BPP1/2Q1N1BP/1R1R2K1 w - -,1,0,0
"""STS(v8.0) AKPC.073""",r1b2rk1/1pp1q1b1/2nppn1p/pN3pp1/2PP4/1Q4PN/PP2PPBP/R1BR2K1 w - -,1,0,0
"""STS(v8.0) AKPC.074""",r1b2rk1/p4pp1/1q2p2p/1p1n4/3b2N1/3B2Q1/PPP2PPP/R1B2RK1 b - -,1,0,0
"""STS(v8.0) AKPC.075""",r1b2rk1/pp2qppp/n2p4/2pPp3/P1N1P3/3P4/1P2BPPP/R1Q2RK1 w - -,1,0,0
"""STS(v8.0) AKPC.076""",r1b2rk1/pp3pp1/1q2p2p/3n4/3b2N1/3B2Q1/PPP2PPP/R1B2RK1 b - -,1,0,0
"""STS(v8.0) AKPC.077""",r1b4r/pp3k1p/3R1p2/B1p5/2P4Q/5q2/PP2NP1P/2K5 b - -,1,0,0
"""STS(v8.0) AKPC.078""",r1q1k2r/3n3p/p5p1/1pbpP3/2p2P2/8/PPB1QP1P/R1B2RK1 w kq -,1,0,0
"""STS(v8.0) AKPC.079""",r1q2rk1/p3npb1/1pnBb1pp/2p1P3/8/2N2NPP/PP2QPB1/R4RK1 w - -,1,0,0
"""STS(v8.0) AKPC.080""",r1r3k1/1bqn1pbp/pp1pp1p1/4n3/2P2N1P/1PN1PP2/P2BB1P1/2R1QRK1 w - -,1,0,0
"""STS(v8.0) AKPC.081""",r2q1rk1/1p2n1bp/p1npp1p1/2p1p3/4P3/N1PPB1PP/1P3PB1/R2QR1K1 w - -,1,0,0
"""STS(v8.0) AKPC.082""",r2q1rk1/1p2p3/2p2ppp/p2n1b2/P2P4/1B3N1P/1PP2PP1/R2QR1K1 b - -,1,0,0
"""STS(v8.0) AKPC.083""",r2r2k1/1p3p1p/1qbppQp1/p7/4P3/P1NR4/1P3PPP/1R4K1 w - -,1,0,0
"""STS(v8.0) AKPC.084""",r2r2k1/2pq1pp1/p1p2b1p/5p2/P2P4/2N3P1/1PQ1PP1P/R2R2K1 b - -,1,0,0
"""STS(v8.0) AKPC.085""",r2r2k1/pp1qppbp/2p1bnp1/4B3/3P2P1/4QN1P/PP2PPB1/R1R3K1 b - -,1,0,0
"""STS(v8.0) AKPC.086""",r3k3/1p1n1p2/2p1r1p1/3bP3/3P3Q/8/p1B2PPP/R5K1 w q -,1,0,0
"""STS(v8.0) AKPC.087""",r3qrk1/1p4bp/1n1p1p1n/pPpPp1p1/P3P3/1P1N3P/3B1PP1/2QBRRK1 w - -,1,0,0
"""STS(v8.0) AKPC.088""",r3qrk1/2p3pp/np6/3pN3/p2P4/P5P1/1PQ1PP2/3R1RK1 w - -,1,0,0
"""STS(v8.0) AKPC.089""",r3r1k1/1pq4p/p2b1pp1/3pnb2/3N3Q/2P5/PP1B1PPP/R3RBK1 b - -,1,0,0
"""STS(v8.0) AKPC.090""",r3r1k1/4qpp1/2p5/p1ppP2p/6P1/1PQ2P1P/P1P5/3RR1K1 w - -,1,0,0
"""STS(v8.0) AKPC.091""",r3r1k1/pn1bnpp1/1p2p2p/1q1pP3/2pP1P1N/B1P2BP1/2P3QP/R4RK1 w - -,1,0,0
"""STS(v8.0) AKPC.092""",r3rb2/1p3k2/p1p2p2/2q2bpp/2PR4/1PQ4P/P4PPB/3R1BK1 b - -,1,0,0
"""STS(v8.0) AKPC.093""",r4k2/1b1qbp2/2pnp1r1/pp2B2p/2pPP1pP/P1N2P2/1P2B1PQ/2RR2K1 b - -,1,0,0
"""STS(v8.0) AKPC.094""",r4rk1/1b3pbp/1qp1p1p1/p2n2B1/3P3P/P2B1N2/1PQ2PP1/R3R1K1 w - -,1,0,0
"""STS(v8.0) AKPC.095""",r4rk1/1p1qn1bp/p1npp1p1/2p1p3/4P2P/N1PPB1P1/1P3PB1/R2QR1K1 w - -,1,0,0
"""STS(v8.0) AKPC.096""",r4rk1/1p2qppp/1np5/p2pNb2/P2Pn3/2NBP3/1PQ2PPP/2R2RK1 b - -,1,0,0
"""STS(v8.0) AKPC.097""",r4rk1/1pq1p3/2p2ppp/p2n1b2/P2P4/1B3N1P/1PP2PP1/R2QR1K1 b - -,1,0,0
"""STS(v8.0) AKPC.098""",r4rk1/3n1pbp/3Pq1p1/4p3/p7/2Q1B1N1/P2R1PPP/2R3K1 b - -,1,0,0
"""STS(v8.0) AKPC.099""",r4rk1/ppp1qp1p/2p3p1/4n3/4P2P/2N1QP2/PPP2P2/2KR3R w - -,1,0,0
"""STS(v8.0) AKPC.100""",r5k1/p2b1r2/1p1p1q2/2pPbp1p/P1P1p3/1P4P1/2RQNPBP/4R1K1 b - -,1,0,0
"""STS(v9.0) Advancement of a/b/c pawns.001""",1b2r1k1/1bqn1pp1/p1p4p/Pp2p3/1P2B3/2B1PN1P/5PP1/1Q1R2K1 b - -,0,1,0
"""STS(v9.0) Advancement of a/b/c pawns.002""",1k4nr/pppr1q2/3p2p1/3Nn1Qp/2P1PN2/1P6/P1P3PR/2KR4 w - -,0,1,0
"""STS(v9.0) Advancement of a/b/c pawns.003""",1n4k1/2pb2q1/1p1p3p/3P1p2/1PP1pP2/3rN3/4N1PP/1RQ3K1 w - -,0,1,0
"""STS(v9.0) Advancement of a/b/c pawns.004""",1nr5/p2p1qpk/1pb1p2p/5p1P/1PP2N2/P3PPQ1/6P1/3RKB2 w - -,0,1,0
"""STS(v9.0) Advancement of a/b/c pawns.005""",1q2r1k1/1b2bpp1/p2ppn1p/2p5/P3PP1B/2PB1RP1/2P1Q2P/2KR4 b - -,0,1,0
"""STS(v9.0) Advancement of a/b/c pawns.006""",1q2rb2/3b1r1k/p1p4p/B3p1p1/1PPpN3/3P1P1P/3QR1P1/4R1K1 w - -,0,1,0
"""STS(v9.0) Advancement of a/b/c pawns.007""",1r1qr1k1/1p3pp1/p1n1bn1p/2NN4/4P3/6P1/PP3PB1/2RQR1K1 w - -,0,1,0
"""STS(v9.0) Advancement of a/b/c pawns.008""",1r1r1bk1/1bq2ppp/pnp1p3/4P3/5P2/P1NBB3/1P4PP/R1QR2K1 b - -,0,1,0
"""STS(v9.0) Advancement of a/b/c pawns.009""",1r1r2k1/p1p1p3/4n1p1/5p2/8/R3B3/Pn2BPPP/4K2R b K -,0,1,0
"""STS(v9.0) Advancement of a/b/c pawns.010""",1r1r2k1/pb3ppp/1p1ppn2/8/PPPP1P2/2NB2P1/3K3P/RR6 w - -,0,1,0
"""STS(v9.0) Advancement of a/b/c pawns.011""",1r1r3k/p4pp1/3nb2p/2p1q3/8/P1PBPP2/2Q3PP/R1B2RK1 b - -,0,1,0
"""STS(v9.0) Advancement of a/b/c pawns.012""",1r2r1k1/2qp1ppp/2p1pn2/8/8/2PBQ1P1/PP3P1P/R4RK1 w - -,0,1,0
"""STS(v9.0) Advancement of a/b/c pawns.013""",1r2r1k1/2qp1ppp/2p2n2/4p3/1P6/2PBQ1P1/P4P1P/R4RK1 w - -,0,1,0
"""STS(v9.0) Advancement of a/b/c pawns.014""",1r2rn2/1p3pk1/p4npp/P2p4/1P1N2P1/1P3P1P/4BK2/2R1R3 w - -,0,1,0
"""STS(v9.0) Advancement of a/b/c pawns.015""",1r3rk1/2qnbppp/2p1p3/pbPpP3/8/PP2QNP1/3B1PBP/2R1R1K1 w - -,0,1,0
"""STS(v9.0) Advancement of a/b/c pawns.016""",1r4k1/p3pr1p/1qbp1pp1/2p5/2P5/1PN1Q2P/P2R1PP1/3R3K b - -,0,1,0
"""STS(v9.0) Advancement of a/b/c pawns.017""",1rbr2k1/p1q2p1p/2n1p1p1/1p4Q1/2pPP3/2P3P1/P1B1N1PP/2R2RK1 b - -,0,1,0
"""STS(v9.0) Advancement of a/b/c pawns.018""",1rq2r2/Q3pp1k/1B1p2pb/4n2p/2PN4/PP5P/3nBPP1/R2R2K1 w - -,0,1,0
"""STS(v9.0) Advancement of a/b/c pawns.019""",1rr3k1/p2qbpnp/Ppp3p1/3pP3/3P4/1Q1B1P2/1P1B1P1P/2R3RK b - -,0,1,0
"""STS(v9.0) Advancement of a/b/c pawns.020""",1rrqb3/1p3kp1/p3p2p/P1Rp1p1P/3P1P2/6P1/1P1QBPK1/2R5 w - -,0,1,0
"""STS(v9.0) Advancement of a/b/c pawns.021""",2r1n1k1/1p1R1r1p/2q1pp1B/p5p1/6P1/Q1P4P/PP6/1K1R4 b - -,0,1,0
"""STS(v9.0) Advancement of a/b/c pawns.022""",2r1r1k1/1b1n1pp1/1q2p2p/3p3n/P2N4/BP1NPP1P/2B3P1/2R1Q1K1 w - -,0,1,0
"""STS(v9.0) Advancement of a/b/c pawns.023""",2r1r1k1/1b1q1pp1/4p2p/1Nnp3n/1N6/PP2PP1P/1BB2QP1/3R2K1 w - -,0,1,0
"""STS(v9.0) Advancement of a/b/c pawns.024""",2r1r1k1/1p1npp1p/p2pb1p1/q7/2PnP3/1PNN2PP/P2Q1PB1/2RR2K1 w - -,0,1,0
"""STS(v9.0) Advancement of a/b/c pawns.025""",2r2bk1/R4pp1/3pqnnp/R3p3/1P2P3/3Q1NNP/2rB1PPK/8 w - -,0,1,0
"""STS(v9.0) Advancement of a/b/c pawns.026""",2r2r1k/1bqnbppp/p3p3/1p1pP3/3B1P2/P1NB4/1PP2QPP/R4R1K w - -,0,1,0
"""STS(v9.0) Advancement of a/b/c pawns.027""",2r2rk1/1p2bpp1/p3p3/4P1N1/PqB3P1/1Pn2NQ1/2b2P1P/R3R1K1 b - -,0,1,0
"""STS(v9.0) Advancement of a/b/c pawns.028""",2r2rk1/pp3ppp/2nb1q2/P3pb2/2P5/1NB3P1/1Q2PPBP/R4RK1 w - -,0,1,0
"""STS(v9.0) Advancement of a/b/c pawns.029""",2r3k1/1pq1b1p1/p1b1pr1p/8/PP2pP2/2P1B3/4B1PP/RQR4K w - -,0,1,0
"""STS(v9.0) Advancement of a/b/c pawns.030""",2r3k1/5p2/pr3p1p/8/3N2q1/P3P1P1/1P1Q1PP1/5RK1 w - -,0,1,0
"""STS(v9.0) Advancement of a/b/c pawns.031""",2r5/1r2nkp1/p3p2p/1p1b1p1P/8/PP3P2/1KPRB1P1/R5B1 w - -,0,1,0
"""STS(v9.0) Advancement of a/b/c pawns.032""",2r5/3npk1p/1p1p1r2/pP1P2p1/3N1pP1/1P3P2/2P1R2P/R5K1 w - -,0,1,0
"""STS(v9.0) Advancement of a/b/c pawns.033""",2rqr1k1/5ppp/n4b2/pbP5/3p4/P4NP1/1N2PPBP/2RQR1K1 w - -,0,1,0
"""STS(v9.0) Advancement of a/b/c pawns.034""",2rr2k1/1b3ppp/pp2pn2/2n5/2BNP3/4KPNP/PP4P1/2R4R w - -,0,1,0
"""STS(v9.0) Advancement of a/b/c pawns.035""",2rr2k1/1q3pp1/pp1pp2p/4n3/2PNP3/1P4P1/P1R1QPKP/3R4 b - -,0,1,0
"""STS(v9.0) Advancement of a/b/c pawns.036""",3b2rk/5pp1/2q2n1p/1p2BP2/7P/2NQ4/1PP5/1K4R1 b - -,0,1,0
"""STS(v9.0) Advancement of a/b/c pawns.037""",3q2k1/1p1bprbp/3pn1p1/3N4/1PP5/r3B3/3QBPPP/2R1R1K1 w - -,0,1,0
"""STS(v9.0) Advancement of a/b/c pawns.038""",3r1nk1/pp2q2p/2p3p1/2NnPp2/5P2/1Q6/PP1rNRPP/2R3K1 b - -,0,1,0
"""STS(v9.0) Advancement of a/b/c pawns.039""",3r1rk1/2pq2pp/p4pb1/1p6/4P1P1/2PnQN1P/PP1N1P2/RR4K1 b - -,0,1,0
"""STS(v9.0) Advancement of a/b/c pawns.040""",3r1rk1/3n1pbp/1p1p2p1/pN1Ppn1q/2P3b1/PPN3P1/1B1Q1P1P/R3R1KB w - -,0,1,0
"""STS(v9.0) Advancement of a/b/c pawns.041""",3r2k1/1p2bpp1/pNrppnqp/8/1PPBP3/P4Q1P/5PP1/3RR1K1 w - -,0,1,0
"""STS(v9.0) Advancement of a/b/c pawns.042""",3r2k1/5p2/p1prb2p/1p2q3/4Pp2/1P1B1P2/P3Q1PP/2RR1K2 b - -,0,1,0
"""STS(v9.0) Advancement of a/b/c pawns.043""",3rn1k1/1pqn1pp1/p3br1p/2P1p3/P3P3/3BBN1P/2P3PQ/RR5K w - -,0,1,0
"""STS(v9.0) Advancement of a/b/c pawns.044""",3rr1k1/1bqn1ppp/p1p5/1p2b3/4P3/P3BB1P/1PQ1NPP1/1R1R3K b - -,0,1,0
"""STS(v9.0) Advancement of a/b/c pawns.045""",3rr1k1/1p5p/p2B1bp1/5b2/1RP2P2/1PN5/1P1R1K1P/8 w - -,0,1,0
"""STS(v9.0) Advancement of a/b/c pawns.046""",3rr1k1/1q2bp1p/2b3pB/3npP2/1p6/5B2/NPP3PP/3RQR1K w - -,0,1,0
"""STS(v9.0) Advancement of a/b/c pawns.047""",4b3/ppr1bpk1/2n1p1p1/1B1rP2p/3P3P/P1R1BNP1/5PK1/2R5 w - -,0,1,0
"""STS(v9.0) Advancement of a/b/c pawns.048""",4q1k1/p5p1/1rp1p1p1/2R1Pp2/1PQ5/P5P1/5PK1/8 w - -,0,1,0
"""STS(v9.0) Advancement of a/b/c pawns.049""",4r1k1/3bpr1p/1qpp1ppQ/p7/2P1N3/1P5P/P2R1PP1/3R3K b - -,0,1,0
"""STS(v9.0) Advancement of a/b/c pawns.050""",4r1k1/p2bpr1p/1qpp2pQ/5p2/2P4P/1P4N1/P2R1PP1/3R3K b - -,0,1,0
"""STS(v9.0) Advancement of a/b/c pawns.051""",4rk2/2p1rpp1/pbn3bp/1p2P3/PP6/1BP2NNP/5PP1/2R1R1K1 w - -,0,1,0
"""STS(v9.0) Advancement of a/b/c pawns.052""",4rrk1/1q4pp/4p3/2bp4/5P2/3Q4/1PP3PP/R1B2R1K w - -,0,1,0
"""STS(v9.0) Advancement of a/b/c pawns.053""",4rrk1/p2n2pp/qp2pb2/2p5/2P2P2/P1BP1Q2/4N1PP/1R3RK1 w - -,0,1,0
"""STS(v9.0) Advancement of a/b/c pawns.054""",5nk1/1bq2pp1/rp1r1b1p/1R1p1B2/2pP4/2N1PN2/PQ3PPP/1R4K1 w - -,0,1,0
"""STS(v9.0) Advancement of a/b/c pawns.055""",5r1k/1p2q1pp/p1p2n2/5r2/3Pp3/4P2R/PPB2PQP/6RK b - -,0,1,0
"""STS(v9.0) Advancement of a/b/c pawns.056""",5r2/5r1k/p2pN1p1/1p1Pn2p/2q1P2b/P4pR1/1PPQ1B1P/1K2R3 w - -,0,1,0
"""STS(v9.0) Advancement of a/b/c pawns.057""",5rk1/1prn1qp1/p2p3p/3Ppp1P/7R/1NPQ1PP1/PP6/1K1R4 b - -,0,1,0
"""STS(v9.0) Advancement of a/b/c pawns.058""",5rk1/2nq2pp/3p1p2/3P4/3B1Q2/PrN3P1/4PP1P/R5K1 w - -,0,1,0
"""STS(v9.0) Advancement of a/b/c pawns.059""",5rk1/p2qp2p/1p1p1pp1/2nN1P1r/P1P1P3/1P2R1P1/1Q4KP/4R3 w - -,0,1,0
"""STS(v9.0) Advancement of a/b/c pawns.060""",6k1/1b2bp1p/p3p3/1p2P1p1/2r5/2N1BP2/PP4PP/3R2K1 b - -,0,1,0
"""STS(v9.0) Advancement of a/b/c pawns.061""",6k1/1p1n1rbp/r2n1pp1/4p3/4P3/4B1P1/PP2N1BP/R4RK1 w - -,0,1,0
"""STS(v9.0) Advancement of a/b/c pawns.062""",6k1/1pr2rp1/p4q1p/2p1p3/2Q1P3/P6P/2P2PP1/3R1RK1 w - -,0,1,0
"""STS(v9.0) Advancement of a/b/c pawns.063""",6k1/2rqbrpp/2n2n2/pBpppN2/Pp4P1/2PP3P/1P2QP2/R1B1R1K1 w - -,0,1,0
"""STS(v9.0) Advancement of a/b/c pawns.064""",6k1/4brpp/3p4/p1q1p3/1pN1Pr2/1P1R1P2/P1P3QP/1K4R1 b - -,0,1,0
"""STS(v9.0) Advancement of a/b/c pawns.065""",6k1/5r2/p4pp1/Br1pp3/2b5/6NP/1P3RP1/2R4K w - -,0,1,0
"""STS(v9.0) Advancement of a/b/c pawns.066""",8/5p2/bk2p3/1pr1Pp2/3p4/bP3BPP/P1nBN3/1R1K4 w - -,0,1,0
"""STS(v9.0) Advancement of a/b/c pawns.067""",8/r2b2pk/2p1pr1p/3nQp2/p7/qP3N2/P1PRBPPP/4R1K1 w - -,0,1,0
"""STS(v9.0) Advancement of a/b/c pawns.068""",b2qr2k/2p3pp/8/1p3p2/2p2B2/2Pp1PPP/5QB1/R6K b - -,0,1,0
"""STS(v9.0) Advancement of a/b/c pawns.069""",r1b2k2/ppq2p1p/1np3p1/4p3/2n5/3N2P1/P1Q1PPBP/R2R2K1 w - -,0,1,0
"""STS(v9.0) Advancement of a/b/c pawns.070""",r1bq1r2/1pp3bk/3p1npp/1N1Ppn2/PBP1N3/1Q1B4/5PPP/R4RK1 w - -,0,1,0
"""STS(v9.0) Advancement of a/b/c pawns.071""",r1r3k1/3nqpp1/1pp1pn1p/p2pN3/2PP1Q2/1P4P1/P2BPPKP/2RR4 b - -,0,1,0
"""STS(v9.0) Advancement of a/b/c pawns.072""",r1r3k1/p3pp1p/3p2pb/R1nP4/4PP2/2Pp4/1P1N2PP/2BR2K1 w - -,0,1,0
"""STS(v9.0) Advancement of a/b/c pawns.073""",r1r4k/1q1nbpp1/2bp1n1p/pp2pP2/4P3/P1N2BQ1/1PPN1BPP/2R1R1K1 b - -,0,1,0
"""STS(v9.0) Advancement of a/b/c pawns.074""",r2q1nk1/1p2rppp/p1p5/3p3b/PP1P4/2NBP3/2Q2PPP/2R2RK1 w - -,0,1,0
"""STS(v9.0) Advancement of a/b/c pawns.075""",r2rn1k1/3nqppp/1pp1p3/3p4/pPPP4/P2QN1P1/1B2PP1P/2RR2K1 w - -,0,1,0
"""STS(v9.0) Advancement of a/b/c pawns.076""",r3kr2/pp1b1pp1/2p1p2p/4q3/7Q/2PBPR2/PP4PP/2KR4 b q -,0,1,0
"""STS(v9.0) Advancement of a/b/c pawns.077""",r3r1k1/1p3pp1/1qp1b2p/p1Rn4/3p4/P2P1BP1/1P1BPP1P/2Q1R1K1 b - -,0,1,0
"""STS(v9.0) Advancement of a/b/c pawns.078""",r3r1k1/1pb1qpp1/2p1b2p/p3P3/4Q3/2B1PN1P/PP3PP1/3RR1K1 w - -,0,1,0
"""STS(v9.0) Advancement of a/b/c pawns.079""",r3r1k1/pn1qnppp/1p2p3/3pP3/b1pP4/B1P2N2/R1PQBPPP/R5K1 b - -,0,1,0
"""STS(v9.0) Advancement of a/b/c pawns.080""",r3rbk1/1npq1pp1/p2p3p/1p6/1P1P4/P1R1BN1P/5PP1/3QR1K1 b - -,0,1,0
"""STS(v9.0) Advancement of a/b/c pawns.081""",r3rbk1/1qpn1pp1/p4n1p/1p2pN2/2P1P3/5N2/PPQB1PPP/R3R1K1 b - -,0,1,0
"""STS(v9.0) Advancement of a/b/c pawns.082""",r3rn1k/1q2b1p1/pp1p1n1p/4pQ2/P3P3/1NN1BR2/1PP3PP/5R1K b - -,0,1,0
"""STS(v9.0) Advancement of a/b/c pawns.083""",r4rk1/1p4bp/2qp1np1/p1n1p3/2P5/P1B1N3/1PB2PPP/R2Q1RK1 w - -,0,1,0
"""STS(v9.0) Advancement of a/b/c pawns.084""",r4rk1/2Q2ppp/4p3/p3P3/q1P5/P5P1/5P1P/2R1R1K1 w - -,0,1,0
"""STS(v9.0) Advancement of a/b/c pawns.085""",r4rk1/2qb1ppp/p2pp3/1pn3P1/3RPP2/P1N2Q2/1PP3BP/2KR4 b - -,0,1,0
"""STS(v9.0) Advancement of a/b/c pawns.086""",r4rk1/4bppp/b3pn2/1p1q2B1/3p4/3B1N2/PP2QPPP/R2R2K1 w - -,0,1,0
"""STS(v9.0) Advancement of a/b/c pawns.087""",r4rkb/p2bp2p/2nq2pP/1p6/2pP4/2P1B1N1/P1B2PP1/2RQR1K1 w - -,0,1,0
"""STS(v9.0) Advancement of a/b/c pawns.088""",r5k1/1pp1r1pp/3pbpq1/pB2n3/P1P5/1P2BP2/2PQ2PP/2KRR3 w - -,0,1,0
"""STS(v9.0) Advancement of a/b/c pawns.089""",r5k1/1rpn1pbp/p2pp3/1p4Np/2PP4/1PN1P1P1/P4PK1/2RR4 w - -,0,1,0
"""STS(v9.0) Advancement of a/b/c pawns.090""",r5k1/2p1qp2/1p1p2bp/p1nPr1p1/2P5/PP2P1N1/1Q1B2PP/3R1RK1 b - -,0,1,0
"""STS(v9.0) Advancement of a/b/c pawns.091""",r5k1/5q1p/2ppNr1b/2pPp1pP/p1P3P1/P7/1PQ1RPK1/1R6 w - -,0,1,0
"""STS(v9.0) Advancement of a/b/c pawns.092""",rr2q1k1/3bnpb1/ppp3pp/3p4/1P1P4/PQ1BP1NP/1NR2PP1/3R2K1 b - -,0,1,0
"""STS(v9.0) Advancement of a/b/c pawns.093""",1r1rb1k1/pp3pbp/4p1p1/1P2P3/2PBQ3/q7/P3B1PP/2R2R1K b - -,0,1,0
"""STS(v9.0) Advancement of a/b/c pawns.094""",2r1k2r/1n2ppb1/p2p2p1/1p1P3p/8/1P2BP1P/P1P1BP2/2KR2R1 w k -,0,1,0
"""STS(v9.0) Advancement of a/b/c pawns.095""",2r2rk1/1pqn3p/p2p1npb/N2Pp3/2P2p2/Q4PP1/PP2BBKP/3RR3 w - -,0,1,0
"""STS(v9.0) Advancement of a/b/c pawns.096""",2r3k1/p1q1bpp1/2p2n2/2Np3r/1P1B3p/P1Q4P/5PP1/2R1R1K1 w - -,0,1,0
"""STS(v9.0) Advancement of a/b/c pawns.097""",3r2k1/4rppp/2ppbn2/Nq2p3/4P3/1P2Q1PP/P1PR1PBK/4R3 w - -,0,1,0
"""STS(v9.0) Advancement of a/b/c pawns.098""",r6k/p3Npb1/qp4pp/4p3/1B6/1PP3P1/P2R1P1P/3R2K1 b - -,0,1,0
"""STS(v9.0) Advancement of a/b/c pawns.099""",r6r/4p1k1/3q1p2/p1pPn1p1/1p2P2p/4Q3/PP2BPPP/1R2R1K1 b - -,0,1,0
"""STS(v9.0) Advancement of a/b/c pawns.100""",rq4kb/5p1p/3p1Pp1/p2Pp1P1/3pP1bP/1P6/P1Q2R2/4BBK1 w - -,0,1,0
"""STS(v13.0) Pawn Play in the Center.001""",1k1r4/1p3p2/p1bq1p1p/4p3/3r1P1Q/P5P1/1PP1B2P/K2RR3 b - -,0,0,1
"""STS(v13.0) Pawn Play in the Center.002""",1k2r1r1/ppp1q1b1/nn1pp3/1N3p1p/1PP2P2/PQ2B1PB/4PK1P/3R2R1 b - -,0,0,1
"""STS(v13.0) Pawn Play in the Center.003""",1kr3r1/1p1nqp2/p2p4/3PpBp1/1PP5/5R1P/P3QP2/R5K1 b - -,0,0,1
"""STS(v13.0) Pawn Play in the Center.004""",1q1r2k1/3n1bp1/1p2pp2/pNn5/P3PP2/1P2QB2/6NP/3R2K1 w - -,0,0,1
"""STS(v13.0) Pawn Play in the Center.005""",1q2rrk1/p5bp/2p1p1p1/3p4/5P2/4QBP1/PPP2R1P/1R4K1 b - -,0,0,1
"""STS(v13.0) Pawn Play in the Center.006""",1qr1r1k1/5pp1/1p2p2p/1Qbn3b/2R5/3P1NPP/3NPPB1/1R4K1 w - -,0,0,1
"""STS(v13.0) Pawn Play in the Center.007""",1qr1r3/5ppk/1p2p2p/1Qbn3b/2R5/3P1NPP/3NPPB1/1R5K w - -,0,0,1
"""STS(v13.0) Pawn Play in the Center.008""",1r1r2k1/1p3pp1/pNn1b2p/3p1q2/5B2/P7/1P1Q1PP1/2R1R1K1 b - -,0,0,1
"""STS(v13.0) Pawn Play in the Center.009""",1r1r2k1/p1R2ppp/1p6/2n1p1q1/3P4/Q4PP1/PP2B2P/3R2K1 w - -,0,0,1
"""STS(v13.0) Pawn Play in the Center.010""",1r1rb1k1/2q1bp1p/3ppnp1/8/pn1NPP2/2N2R1P/1PP1B1P1/2QR2BK b - -,0,0,1
"""STS(v13.0) Pawn Play in the Center.011""",1r2r1k1/2qn1pb1/3p2pp/p1pP4/PpQ1PP2/1P4PP/1B4B1/3RR1K1 w - -,0,0,1
"""STS(v13.0) Pawn Play in the Center.012""",1r2r1k1/p2bp1b1/2p1nnpp/qpP2p2/3P3P/P1N1PBPN/1BQ2P2/1R2R1K1 w - -,0,0,1
"""STS(v13.0) Pawn Play in the Center.013""",1r2r2k/5pp1/1n2qn1p/3p4/p1pR4/Q3PBNP/PP3PP1/3R2K1 w - -,0,0,1
"""STS(v13.0) Pawn Play in the Center.014""",1r3k1r/1q2bpp1/4pn2/1p4p1/p1pPP1P1/P3P2P/1PQ4R/K1R1BB2 w - -,0,0,1
"""STS(v13.0) Pawn Play in the Center.015""",1r3rk1/1p1qbbp1/2n1pn1p/1Np5/2P5/2BPP1PB/2N1Q2P/1R3RK1 w - -,0,0,1
"""STS(v13.0) Pawn Play in the Center.016""",1r3rk1/1p3ppp/pN2bn2/P1p5/4P3/2P5/1P2B1PP/R4RK1 w - -,0,0,1
"""STS(v13.0) Pawn Play in the Center.017""",1r4k1/1br3p1/1ppbp3/p2p1q1p/P1PP1Pp1/1P2P1P1/1Q3NBP/2RR2K1 w - -,0,0,1
"""STS(v13.0) Pawn Play in the Center.018""",1r6/pp1rqpbk/6p1/P2Bpb2/2P4p/1QN1P1P1/P2R1PKP/3R4 b - -,0,0,1
"""STS(v13.0) Pawn Play in the Center.019""",1rb1r1k1/2n1ppbp/pq1p2p1/1ppP4/2P1PP2/NP3B1P/P2B1QP1/2R1R1K1 w - -,0,0,1
"""STS(v13.0) Pawn Play in the Center.020""",1rb2r1k/2q1bppp/p1pppn2/P7/4P3/1PNQ4/2P1BPPP/R1B3RK b - -,0,0,1
"""STS(v13.0) Pawn Play in the Center.021""",1rb2rk1/2q2pb1/3p1np1/1pnP2Bp/4P3/1pN2PN1/3QB1PP/1RR3K1 w - -,0,0,1
"""STS(v13.0) Pawn Play in the Center.022""",1rnr2k1/2Rb2bp/3p2p1/2pPpp2/1p5P/1P1PP1P1/3B1PK1/R4BN1 b - -,0,0,1
"""STS(v13.0) Pawn Play in the Center.023""",1rnrbk2/2R3bp/3p2p1/1ppPpp2/7P/3PP1P1/1P1B1PK1/R2N1B2 w - -,0,0,1
"""STS(v13.0) Pawn Play in the Center.024""",1rr5/p2bppkp/3p1np1/p1p5/Pq1PP3/1P2QN1P/2P1NPP1/2R1R1K1 w - -,0,0,1
"""STS(v13.0) Pawn Play in the Center.025""",2b1k1r1/3nppb1/2pp1npp/qp6/3PP2B/1RNB1N2/P1PQ1PPP/7K w - -,0,0,1
"""STS(v13.0) Pawn Play in the Center.026""",2b1r1k1/pp2rppp/2p3q1/3p4/1P1P4/P1N1PP2/5QPP/4RRK1 w - -,0,0,1
"""STS(v13.0) Pawn Play in the Center.027""",2br1r1k/4b1pp/pq2pn2/2p5/Pp2PN2/1B2BP2/1PQ2P1P/R5RK b - -,0,0,1
"""STS(v13.0) Pawn Play in the Center.028""",2kr4/1p3p2/p1bqpp1p/8/3r1P1Q/3B2P1/PPP4P/K2RR3 b - -,0,0,1
"""STS(v13.0) Pawn Play in the Center.029""",2r1r1k1/1pqn1pp1/p2b1n1p/P2Ppb2/R7/2NNB3/1PPQBPPP/3R2K1 b - -,0,0,1
"""STS(v13.0) Pawn Play in the Center.030""",2r1r1k1/3n2pp/b1p1pb2/1pPp1p1q/p2PnB1P/P4NP1/1PQNPPB1/R2R1K2 b - -,0,0,1
"""STS(v13.0) Pawn Play in the Center.031""",2r1r1k1/5npp/3q4/1QpP1p2/1p6/4PP2/1B2R1PP/2R3K1 w - -,0,0,1
"""STS(v13.0) Pawn Play in the Center.032""",2r1r1k1/qp2ppb1/p1np1npp/5b2/2P5/PPN3PP/1BN1PPBK/1RQR4 w - -,0,0,1
"""STS(v13.0) Pawn Play in the Center.033""",2r2nk1/2q1pp1p/3p2p1/pr6/2P1PP2/1PR3PP/3Q2B1/3R2K1 w - -,0,0,1
"""STS(v13.0) Pawn Play in the Center.034""",2r2rk1/pp2qpp1/2nbp2p/2Np1b2/1P1Pn3/P3PN2/3BBPPP/R1RQ2K1 b - -,0,0,1
"""STS(v13.0) Pawn Play in the Center.035""",2r3k1/4n1b1/1p1pq1p1/4p3/2r2P1P/P2NP3/1B1Q3P/4RRK1 w - -,0,0,1
"""STS(v13.0) Pawn Play in the Center.036""",2r3k1/4Qp1p/3p2p1/3q4/b1p5/P1b3P1/R3PP1P/1R3BK1 w - -,0,0,1
"""STS(v13.0) Pawn Play in the Center.037""",2r4r/2qb1nk1/3ppp2/p1p5/P3P3/1PR3P1/3NRPK1/3Q1B2 b - -,0,0,1
"""STS(v13.0) Pawn Play in the Center.038""",2rbr1k1/1p1nqp1p/4bn1P/pP2p1p1/N7/P1NRPP2/1Q2BBP1/1K5R w - -,0,0,1
"""STS(v13.0) Pawn Play in the Center.039""",2rq1rk1/6bp/p1npb3/1p1Npp1Q/8/2PBN3/PP3PPP/R3K2R b KQ -,0,0,1
"""STS(v13.0) Pawn Play in the Center.040""",2rqr2k/pp3pp1/1nb2n2/7p/3pPP2/1P1B2NP/P5P1/RQB2R1K w - -,0,0,1
"""STS(v13.0) Pawn Play in the Center.041""",2rrb1k1/1p3pp1/p1p4p/P5q1/2BP4/1P1RPQP1/5P2/3R1K2 w - -,0,0,1
"""STS(v13.0) Pawn Play in the Center.042""",3qr1k1/1p2npb1/2ppb1pp/4p3/1PP5/R1NP2P1/2NQPPBP/6K1 b - -,0,0,1
"""STS(v13.0) Pawn Play in the Center.043""",3r1k2/5p2/1p2q1p1/p2p4/P7/1P1Q3P/4nPP1/B2R3K b - -,0,0,1
"""STS(v13.0) Pawn Play in the Center.044""",3r1r2/1b2qpkp/p2p1np1/1pp5/4P3/P1N1QB2/1PP2PPP/3R1RK1 w - -,0,0,1
"""STS(v13.0) Pawn Play in the Center.045""",3r1rk1/ppqnppb1/n1p3pp/8/N2P4/3QP1P1/PP1B1PBP/R4RK1 b - -,0,0,1
"""STS(v13.0) Pawn Play in the Center.046""",3r2k1/1pp1q2p/p5pb/2n1p2r/5PQ1/P1PP3P/1P5K/1BBR1R2 w - -,0,0,1
"""STS(v13.0) Pawn Play in the Center.047""",3r2rk/1q2b2p/pNb2p2/P4Qn1/1p1p4/4PP2/1P1BB2P/2R2R1K w - -,0,0,1
"""STS(v13.0) Pawn Play in the Center.048""",3rr1k1/1p3p1p/2b1pqp1/p3N3/2PP4/4R1P1/P2Q1P1P/4R1K1 w - -,0,0,1
"""STS(v13.0) Pawn Play in the Center.049""",3rr1k1/pp4bp/2p3p1/P4p2/2qPP3/B1P4P/2P3P1/R3QRK1 w - -,0,0,1
"""STS(v13.0) Pawn Play in the Center.050""",4b3/3k1n2/2pB1p1p/1p3Pp1/1P2P1P1/8/r3BK2/3R4 w - -,0,0,1
"""STS(v13.0) Pawn Play in the Center.051""",4r1k1/1p1r1ppb/1qpp1n1p/p7/P1PRPN2/2Q2P2/1P4PP/1B1R2K1 b - -,0,0,1
"""STS(v13.0) Pawn Play in the Center.052""",4r1k1/1r2ppnp/1q4p1/ppp5/3nP3/1P2QP2/P2R1BPP/2R2B1K b - -,0,0,1
"""STS(v13.0) Pawn Play in the Center.053""",4r1k1/2qn1pb1/rn1p2pp/2p5/p1b1PPP1/R1N1B2P/1PP1NQB1/R6K b - -,0,0,1
"""STS(v13.0) Pawn Play in the Center.054""",4r3/2qnr1k1/4ppp1/p1p4p/p1P2P1P/3PQNP1/1P2R3/4R1K1 b - -,0,0,1
"""STS(v13.0) Pawn Play in the Center.055""",4rrk1/p4p1p/1qb3p1/2pp4/8/1P3B2/P1PQ1PPP/R3R1K1 b - -,0,0,1
"""STS(v13.0) Pawn Play in the Center.056""",5k2/4pp1p/r2p2p1/8/6P1/5P2/1R3B1P/2r2BK1 b - -,0,0,1
"""STS(v13.0) Pawn Play in the Center.057""",5rk1/1ppqnr2/3p3p/1P4p1/3PPp2/5P2/P2QN2P/2R3RK w - -,0,0,1
"""STS(v13.0) Pawn Play in the Center.058""",5rk1/1r2bpp1/pp2qn1p/2p5/P7/2N1PPP1/1PQB2KP/2RR4 w - -,0,0,1
"""STS(v13.0) Pawn Play in the Center.059""",5rk1/6p1/2pp4/4q1p1/1PP1PnP1/4Q2P/R7/5BK1 b - -,0,0,1
"""STS(v13.0) Pawn Play in the Center.060""",5rk1/rbqnbppp/1p2pn2/2p5/4P3/P1P2NPP/1B1N1P2/R2QRBK1 w - -,0,0,1
"""STS(v13.0) Pawn Play in the Center.061""",r1b1kb1r/1p1ppppp/p2q2n1/2pN3Q/8/8/PPPP1PPP/R1B1RBK1 w kq -,0,0,1
"""STS(v13.0) Pawn Play in the Center.062""",r1b1r1k1/4q1pp/1bp1pp2/np6/3PN3/3NP1PB/R1Q2P1P/3R2K1 b - -,0,0,1
"""STS(v13.0) Pawn Play in the Center.063""",r1b1r1k1/ppq2pp1/2n1pn1p/8/2P5/PN4P1/1BP2PBP/R2Q1RK1 b - -,0,0,1
"""STS(v13.0) Pawn Play in the Center.064""",r1b1r3/pp1nq1kp/2pp2p1/5p2/1PP2P2/1Q2P1PP/P2N2B1/3R1RK1 w - -,0,0,1
"""STS(v13.0) Pawn Play in the Center.065""",r1b2rk1/1p1n1p1p/p5p1/q2p2B1/1bpP4/2N1PN1P/PPQ2PP1/2R2RK1 w - -,0,0,1
"""STS(v13.0) Pawn Play in the Center.066""",r1b2rk1/1p3pb1/pq1Pp1p1/5n1p/2B2P2/1NP2Q2/PP1P2PP/R1B1K2R b KQ -,0,0,1
"""STS(v13.0) Pawn Play in the Center.067""",r1b2rk1/p1B1bpp1/q3pn1p/3p4/8/2N3PP/PPQ1PPB1/R3R1K1 w - -,0,0,1
"""STS(v13.0) Pawn Play in the Center.068""",r1b3k1/1p1n1qpp/2p1p3/3p1r2/2PP4/1PR5/2QNPPBP/5RK1 w - -,0,0,1
"""STS(v13.0) Pawn Play in the Center.069""",r1br2k1/1p3ppp/p1p5/P5q1/1bBP4/1P2P3/1BQ2PP1/R2R2K1 w - -,0,0,1
"""STS(v13.0) Pawn Play in the Center.070""",r1q1nrk1/pp2ppbp/2n3p1/8/Q3P3/N5P1/PB3PBP/3RR1K1 w - -,0,0,1
"""STS(v13.0) Pawn Play in the Center.071""",r1r1q1k1/1n1b2bp/p4pp1/1p6/2pNP2B/Q1P5/P1B2PPP/3RR1K1 w - -,0,0,1
"""STS(v13.0) Pawn Play in the Center.072""",r1r3k1/1pp2ppp/2np1n2/1N6/p1PP4/Q3RNPq/PP3P1P/2R3K1 w - -,0,0,1
"""STS(v13.0) Pawn Play in the Center.073""",r2q1kr1/1b2np2/p2p1p1p/4p3/2N1P3/3B4/PP3PPP/1R1Q1RK1 b - -,0,0,1
"""STS(v13.0) Pawn Play in the Center.074""",r2q1rk1/1p1n1ppp/6b1/n2B4/Ppp2NP1/4PP2/1P4KP/R1BQ1R2 w - -,0,0,1
"""STS(v13.0) Pawn Play in the Center.075""",r2q1rk1/4nbbp/p2p4/1p3p1Q/4pN2/1BP1N3/PP3PPP/R3K2R b KQ -,0,0,1
"""STS(v13.0) Pawn Play in the Center.076""",r2qr1k1/1b3pb1/p2p2p1/8/2BNn1P1/2p1B3/P1P5/1NKRQR2 b - -,0,0,1
"""STS(v13.0) Pawn Play in the Center.077""",r2r1k2/4q1p1/2b2p1p/ppP1pQ2/8/1P2PB2/5PPP/R1R3K1 b - -,0,0,1
"""STS(v13.0) Pawn Play in the Center.078""",r2r2k1/1b2qppp/p3pn2/R7/2N5/1P1BP3/2Q2PPP/R5K1 w - -,0,0,1
"""STS(v13.0) Pawn Play in the Center.079""",r2r2k1/1bq2p1p/p3nnpQ/P2pp3/8/2PNN3/1P3PPP/R2R1BK1 b - -,0,0,1
"""STS(v13.0) Pawn Play in the Center.080""",r2r2k1/6bp/1P2q1p1/4pp2/p1N5/2Q5/PPR3PP/4R2K b - -,0,0,1
"""STS(v13.0) Pawn Play in the Center.081""",r2r2k1/p1q3pp/1p1npp2/2p5/P1PP4/B3PP2/6PP/2RQ1RK1 w - -,0,0,1
"""STS(v13.0) Pawn Play in the Center.082""",r2r2k1/pbq2ppp/1p3n2/4p3/2PP4/PB1Q4/1B3PPP/R4RK1 w - -,0,0,1
"""STS(v13.0) Pawn Play in the Center.083""",r2r2k1/pp2ppbp/2q3p1/2pnP3/2Q5/1P4P1/PB2PPNP/R2R2K1 w - -,0,0,1
"""STS(v13.0) Pawn Play in the Center.084""",r2r2k1/ppq1p2p/1np1p1p1/2B5/P7/3P3P/1P2QPP1/R3R1K1 b - -,0,0,1
"""STS(v13.0) Pawn Play in the Center.085""",r2r2k1/ppq2pp1/2p1pnbp/8/3P3P/1QP2P2/P3P2P/R1B2BRK w - -,0,0,1
"""STS(v13.0) Pawn Play in the Center.086""",r2r2k1/ppq2pp1/5nnp/1B3b2/2PPp3/P6P/1B1NQPP1/2R2RK1 w - -,0,0,1
"""STS(v13.0) Pawn Play in the Center.087""",r2r3k/p2qppbp/1pn2np1/2p5/2P2P2/B1N1PN2/P2PQ1PP/3R1R1K w - -,0,0,1
"""STS(v13.0) Pawn Play in the Center.088""",r2r4/2q1bp1k/1nb1p1pp/p1ppP3/P1P2P2/1P3BPP/1N2QB2/2RR2K1 b - -,0,0,1
"""STS(v13.0) Pawn Play in the Center.089""",r3kb1r/1q1n2p1/2bpp1Pp/pN3p2/1p1BP2P/P2B1P2/1PP5/2KR1Q1R b kq -,0,0,1
"""STS(v13.0) Pawn Play in the Center.090""",r3r1k1/1p2bppp/nqp2n2/p5B1/2bPP3/P1N3P1/1P2N1BP/R1Q2RK1 w - -,0,0,1
"""STS(v13.0) Pawn Play in the Center.091""",r3r1k1/1p2qpp1/1bp2n1p/2n1pP2/p5P1/B6P/PPPNQPB1/R2R2K1 b - -,0,0,1
"""STS(v13.0) Pawn Play in the Center.092""",r3r1k1/4npbp/bqnpp1p1/2p3P1/1p2PP2/3PN3/1PPQNBBP/1R3RK1 b - -,0,0,1
"""STS(v13.0) Pawn Play in the Center.093""",r3r1k1/5pp1/1qp3bp/p2pP3/8/P1Q3N1/1P3PPP/2R1R1K1 b - -,0,0,1
"""STS(v13.0) Pawn Play in the Center.094""",r3r1k1/pp4pp/2pnqpn1/3p1b2/3P4/P1NBPN2/1PQ2PPP/2R1R1K1 w - -,0,0,1
"""STS(v13.0) Pawn Play in the Center.095""",r4r1k/1bq3p1/pp1bpn1p/2pp4/3P3Q/1NP1B3/PP2BPPP/R4RK1 b - -,0,0,1
"""STS(v13.0) Pawn Play in the Center.096""",r4rk1/1p1qppbp/1n1p2p1/1PpP3n/p3P3/2NQ1N1P/1PPB1PP1/R3R1K1 w - -,0,0,1
"""STS(v13.0) Pawn Play in the Center.097""",r4rk1/2p1bppp/p2p1n2/1p6/3PP3/1QN1BP1q/PP3P1P/2R1R1K1 w - -,0,0,1
"""STS(v13.0) Pawn Play in the Center.098""",r4rk1/3qbppp/p1np1n2/1pp4b/3PP3/PB2BN1P/1P1N1PP1/RQ2R1K1 w - -,0,0,1
"""STS(v13.0) Pawn Play in the Center.099""",r4rk1/pbp5/1p1p1n1p/5Bp1/P1PP4/4q3/1P1N2PP/2RQ1R1K w - -,0,0,1
"""STS(v13.0) Pawn Play in the Center.100""",rq3k2/1p3bp1/2p1pp1p/2P5/1P2PPP1/4Q2P/6BK/3R4 b - -,0,0,1
